source_id,source_kind,relationship_kind,target_id,target_kind
3004815431440592716,Definition,CALLS,4438766632301533128,Definition
3004815431440592716,Definition,CALLS,8391237654556812364,Definition
8090781725541875503,Definition,CALLS,3004815431440592716,Definition
3390683666244204697,Definition,CALLS,6094629917699856060,Definition
5579686503885638409,Definition,CALLS,6094629917699856060,Definition
8466216772198935520,Definition,CALLS,6094629917699856060,Definition
8466216772198935520,Definition,CALLS,3004815431440592716,Definition
6209940673233378709,Definition,CALLS,6094629917699856060,Definition
6209940673233378709,Definition,CALLS,6502881835869231268,Definition
6002134538831974659,Definition,CALLS,6094629917699856060,Definition
4055672127152932043,Definition,CALLS,6094629917699856060,Definition
4055672127152932043,Definition,CALLS,6007514542225333363,Definition
1272775223301199902,Definition,CALLS,6094629917699856060,Definition
907108557239531630,Definition,CALLS,3004815431440592716,Definition
907108557239531630,Definition,CALLS,6094629917699856060,Definition
907108557239531630,Definition,CALLS,3390683666244204697,Definition
143342488428941967,Definition,CALLS,6094629917699856060,Definition
143342488428941967,Definition,CALLS,5579686503885638409,Definition
8655236636402854555,Definition,CALLS,6094629917699856060,Definition
8655236636402854555,Definition,CALLS,907108557239531630,Definition
8655236636402854555,Definition,CALLS,8466216772198935520,Definition
8655236636402854555,Definition,CALLS,4438766632301533128,Definition
753553820175345187,Definition,CALLS,3004815431440592716,Definition
753553820175345187,Definition,CALLS,6094629917699856060,Definition
8019923114048272519,File,CALLS,8090781725541875503,Definition
4178325346008632695,Definition,CALLS,2198959858930734264,Definition
4178325346008632695,Definition,CALLS,8043296401456372784,Definition
4178325346008632695,Definition,CALLS,5850282506554730175,Definition
5402760027945593920,Definition,CALLS,5599052756049505951,Definition
3658915740377288552,Definition,CALLS,1691604444861513983,Definition
8439321600802786905,Definition,CALLS,1691604444861513983,Definition
8439321600802786905,Definition,CALLS,6739675823047667172,Definition
2832377784051637889,Definition,CALLS,4190134856146784865,Definition
2832377784051637889,Definition,CALLS,8043296401456372784,Definition
4311572562052833436,Definition,CALLS,8043296401456372784,Definition
6660160112518181993,Definition,CALLS,5833367117257125882,Definition
6660160112518181993,Definition,CALLS,1691604444861513983,Definition
6660160112518181993,Definition,CALLS,740980856069008026,Definition
6660160112518181993,Definition,CALLS,8043296401456372784,Definition
4122419328578178866,Definition,CALLS,1496328667200904799,Definition
5772487899051918031,Definition,CALLS,740980856069008026,Definition
4190134856146784865,Definition,CALLS,5772487899051918031,Definition
740980856069008026,Definition,CALLS,5772487899051918031,Definition
740980856069008026,Definition,CALLS,3550691819590907599,Definition
740980856069008026,Definition,CALLS,4122419328578178866,Definition
740980856069008026,Definition,CALLS,1496328667200904799,Definition
8043296401456372784,Definition,CALLS,5772487899051918031,Definition
8043296401456372784,Definition,CALLS,4122419328578178866,Definition
6739675823047667172,Definition,CALLS,5772487899051918031,Definition
6739675823047667172,Definition,CALLS,740980856069008026,Definition
2891605778667564184,Definition,CALLS,3783089497492346604,Definition
4523535067962480215,Definition,CALLS,5130566730713613113,Definition
314562455631684153,Definition,CALLS,4523535067962480215,Definition
314562455631684153,Definition,CALLS,3874309466299007418,Definition
314562455631684153,Definition,CALLS,3874309466299007418,Definition
314562455631684153,Definition,CALLS,2891605778667564184,Definition
314562455631684153,Definition,CALLS,3083116531516270272,Definition
1691604444861513983,Definition,CALLS,8012128537253698480,Definition
1691604444861513983,Definition,CALLS,8012128537253698480,Definition
1691604444861513983,Definition,CALLS,686772421409423676,Definition
8851939305316021138,Definition,CALLS,1557362986586892046,Definition
8851939305316021138,Definition,CALLS,1557362986586892046,Definition
8118358084742038787,Definition,CALLS,1441124648184055166,Definition
4414192367688673793,Definition,CALLS,8851939305316021138,Definition
6200683542108375354,Definition,CALLS,4414192367688673793,Definition
5277624557425123493,Definition,CALLS,1441124648184055166,Definition
5277624557425123493,Definition,CALLS,5955030031203507303,Definition
5277624557425123493,Definition,CALLS,3073690311818994035,Definition
5277624557425123493,Definition,CALLS,1441124648184055166,Definition
5277624557425123493,Definition,CALLS,8118358084742038787,Definition
5277624557425123493,Definition,CALLS,1441124648184055166,Definition
5277624557425123493,Definition,CALLS,1441124648184055166,Definition
5277624557425123493,Definition,CALLS,1441124648184055166,Definition
5277624557425123493,Definition,CALLS,8118358084742038787,Definition
691646735282759861,Definition,CALLS,1441124648184055166,Definition
691646735282759861,Definition,CALLS,5277624557425123493,Definition
691646735282759861,Definition,CALLS,8253807830376486381,Definition
1246022010118027193,Definition,CALLS,1441124648184055166,Definition
1246022010118027193,Definition,CALLS,5277624557425123493,Definition
1246022010118027193,Definition,CALLS,8253807830376486381,Definition
5614198446417940204,Definition,CALLS,1441124648184055166,Definition
5614198446417940204,Definition,CALLS,1246022010118027193,Definition
4426167067005806000,Definition,CALLS,3783089497492346604,Definition
4426167067005806000,Definition,CALLS,1786631309914082706,Definition
4426167067005806000,Definition,CALLS,2454551220365021568,Definition
4426167067005806000,Definition,CALLS,686772421409423676,Definition
4426167067005806000,Definition,CALLS,740980856069008026,Definition
4426167067005806000,Definition,CALLS,8043296401456372784,Definition
4426167067005806000,Definition,CALLS,4366699392924165412,Definition
4426167067005806000,Definition,CALLS,1691604444861513983,Definition
4864128303764004800,Definition,CALLS,3783089497492346604,Definition
4864128303764004800,Definition,CALLS,1786631309914082706,Definition
4864128303764004800,Definition,CALLS,2454551220365021568,Definition
4864128303764004800,Definition,CALLS,686772421409423676,Definition
4864128303764004800,Definition,CALLS,740980856069008026,Definition
4864128303764004800,Definition,CALLS,4366699392924165412,Definition
4864128303764004800,Definition,CALLS,8043296401456372784,Definition
4864128303764004800,Definition,CALLS,4190134856146784865,Definition
4864128303764004800,Definition,CALLS,8043296401456372784,Definition
4864128303764004800,Definition,CALLS,1691604444861513983,Definition
4864128303764004800,Definition,CALLS,6739675823047667172,Definition
3552715490817611153,Definition,CALLS,2118797803055715033,Definition
3552715490817611153,Definition,CALLS,8577769218360876086,Definition
3552715490817611153,Definition,CALLS,2986523809524804026,Definition
3552715490817611153,Definition,CALLS,2237502619666632048,Definition
8203852070281633537,Definition,CALLS,3783089497492346604,Definition
8203852070281633537,Definition,CALLS,4366699392924165412,Definition
8203852070281633537,Definition,CALLS,5130566730713613113,Definition
1482734565408047830,Definition,CALLS,1691604444861513983,Definition
6818314553287061365,Definition,CALLS,1691604444861513983,Definition
6818314553287061365,Definition,CALLS,1691604444861513983,Definition
6818314553287061365,Definition,CALLS,686772421409423676,Definition
7714791994246045857,Definition,CALLS,1691604444861513983,Definition
6091362926688991061,Definition,CALLS,1691604444861513983,Definition
6129851478030161522,Definition,CALLS,1786631309914082706,Definition
6129851478030161522,Definition,CALLS,740980856069008026,Definition
6129851478030161522,Definition,CALLS,740980856069008026,Definition
6129851478030161522,Definition,CALLS,8043296401456372784,Definition
3802790403761273020,Definition,CALLS,1786631309914082706,Definition
3802790403761273020,Definition,CALLS,740980856069008026,Definition
3802790403761273020,Definition,CALLS,740980856069008026,Definition
3802790403761273020,Definition,CALLS,740980856069008026,Definition
3802790403761273020,Definition,CALLS,8043296401456372784,Definition
8786728380294671153,Definition,CALLS,1786631309914082706,Definition
8786728380294671153,Definition,CALLS,2454551220365021568,Definition
8786728380294671153,Definition,CALLS,686772421409423676,Definition
8786728380294671153,Definition,CALLS,740980856069008026,Definition
8786728380294671153,Definition,CALLS,686772421409423676,Definition
8786728380294671153,Definition,CALLS,6739675823047667172,Definition
2455015571288494617,Definition,CALLS,1691604444861513983,Definition
2455015571288494617,Definition,CALLS,686772421409423676,Definition
7731636988390240089,Definition,CALLS,4344390961906831771,Definition
8471240115619468328,Definition,CALLS,1246022010118027193,Definition
8471240115619468328,Definition,CALLS,4414192367688673793,Definition
8992245026160261238,Definition,CALLS,6859216865133875861,Definition
1780799417388543906,Definition,CALLS,1246022010118027193,Definition
8951397016447446811,Definition,CALLS,6859216865133875861,Definition
7483697689796864172,Definition,CALLS,691646735282759861,Definition
2407612719320391174,Definition,CALLS,4344390961906831771,Definition
1139221240120664683,Definition,CALLS,6859216865133875861,Definition
1139221240120664683,Definition,CALLS,1246022010118027193,Definition
1139221240120664683,Definition,CALLS,4414192367688673793,Definition
3830025592742277214,Definition,CALLS,6859216865133875861,Definition
3830025592742277214,Definition,CALLS,1246022010118027193,Definition
8784462313559349017,Definition,CALLS,691646735282759861,Definition
6532570479740606375,Definition,CALLS,1246022010118027193,Definition
8864103862908568987,Definition,CALLS,8253807830376486381,Definition
4755484895679024533,Definition,CALLS,8253807830376486381,Definition
1774788296248204985,Definition,CALLS,8253807830376486381,Definition
2262017075246319737,Definition,CALLS,8253807830376486381,Definition
9167430580887254589,Definition,CALLS,8253807830376486381,Definition
9167430580887254589,Definition,CALLS,8253807830376486381,Definition
1620758858155408406,Definition,CALLS,8253807830376486381,Definition
4229118075949173982,Definition,CALLS,4344390961906831771,Definition
5870345008822695711,Definition,CALLS,1246022010118027193,Definition
5870345008822695711,Definition,CALLS,4414192367688673793,Definition
1796779127474932566,Definition,CALLS,6859216865133875861,Definition
1796779127474932566,Definition,CALLS,1246022010118027193,Definition
1796779127474932566,Definition,CALLS,6200683542108375354,Definition
7588691507531355333,Definition,CALLS,6859216865133875861,Definition
7588691507531355333,Definition,CALLS,1246022010118027193,Definition
7588691507531355333,Definition,CALLS,4414192367688673793,Definition
1126612644552447614,Definition,CALLS,3783089497492346604,Definition
1126612644552447614,Definition,CALLS,4366699392924165412,Definition
1126612644552447614,Definition,CALLS,1786631309914082706,Definition
1126612644552447614,Definition,CALLS,2454551220365021568,Definition
1126612644552447614,Definition,CALLS,686772421409423676,Definition
1126612644552447614,Definition,CALLS,740980856069008026,Definition
7446542423404855046,Definition,CALLS,1691604444861513983,Definition
7446542423404855046,Definition,CALLS,1691604444861513983,Definition
7446542423404855046,Definition,CALLS,6739675823047667172,Definition
7446542423404855046,Definition,CALLS,8043296401456372784,Definition
7401933855113500698,Definition,CALLS,1691604444861513983,Definition
7401933855113500698,Definition,CALLS,740980856069008026,Definition
7401933855113500698,Definition,CALLS,8043296401456372784,Definition
1126612644552447614,Definition,CALLS,5130566730713613113,Definition
3658915740377288552,Definition,CALLS,587101914513744693,ImportedSymbol
6660160112518181993,Definition,CALLS,587101914513744693,ImportedSymbol
8798154573640857850,Definition,CALLS,7178078574210476607,ImportedSymbol
3874309466299007418,Definition,CALLS,3710614504455595349,ImportedSymbol
8012128537253698480,Definition,CALLS,3318046270762341639,ImportedSymbol
1691604444861513983,Definition,CALLS,6310091938887536598,ImportedSymbol
1441124648184055166,Definition,CALLS,4305346841543217417,ImportedSymbol
1441124648184055166,Definition,CALLS,1408380368453796608,ImportedSymbol
8253807830376486381,Definition,CALLS,1408380368453796608,ImportedSymbol
8798154573640857850,Definition,CALLS,23739843420901422,ImportedSymbol
1496328667200904799,Definition,CALLS,1949291800109456181,ImportedSymbol
4122419328578178866,Definition,CALLS,5830767704204973270,ImportedSymbol
7882805141687774317,Definition,CALLS,6953176844355977497,ImportedSymbol
5772487899051918031,Definition,CALLS,6953176844355977497,ImportedSymbol
5772487899051918031,Definition,CALLS,1949291800109456181,ImportedSymbol
3783089497492346604,Definition,CALLS,8067060720401845279,ImportedSymbol
3783089497492346604,Definition,CALLS,7599405293840102461,ImportedSymbol
2891605778667564184,Definition,CALLS,266019571386462641,ImportedSymbol
4523535067962480215,Definition,CALLS,266019571386462641,ImportedSymbol
4523535067962480215,Definition,CALLS,887928806642795270,ImportedSymbol
314562455631684153,Definition,CALLS,792412182168726230,ImportedSymbol
686772421409423676,Definition,CALLS,717678080590969023,ImportedSymbol
686772421409423676,Definition,CALLS,6197474092004017910,ImportedSymbol
3073690311818994035,Definition,CALLS,5132022235912323409,ImportedSymbol
3073690311818994035,Definition,CALLS,3906726274972931822,ImportedSymbol
5955030031203507303,Definition,CALLS,2608359233303868890,ImportedSymbol
5277624557425123493,Definition,CALLS,8545588748503742319,ImportedSymbol
5277624557425123493,Definition,CALLS,4089323045860348196,ImportedSymbol
8253807830376486381,Definition,CALLS,1430446174099209787,ImportedSymbol
4426167067005806000,Definition,CALLS,6103701649105851017,ImportedSymbol
4864128303764004800,Definition,CALLS,6828829225901272038,ImportedSymbol
4864128303764004800,Definition,CALLS,316914535489121055,ImportedSymbol
5563979799679736981,Definition,CALLS,7061981242399825752,ImportedSymbol
5563979799679736981,Definition,CALLS,8481196763078078482,ImportedSymbol
6661949984344862446,Definition,CALLS,8481196763078078482,ImportedSymbol
6661949984344862446,Definition,CALLS,7061981242399825752,ImportedSymbol
2118797803055715033,Definition,CALLS,132659293578968746,ImportedSymbol
3552715490817611153,Definition,CALLS,8506476822610287342,ImportedSymbol
6859216865133875861,Definition,CALLS,4314986834880175756,ImportedSymbol
8471240115619468328,Definition,CALLS,4092365500874378659,ImportedSymbol
1780799417388543906,Definition,CALLS,4092365500874378659,ImportedSymbol
7483697689796864172,Definition,CALLS,4092365500874378659,ImportedSymbol
1139221240120664683,Definition,CALLS,4092365500874378659,ImportedSymbol
3830025592742277214,Definition,CALLS,4092365500874378659,ImportedSymbol
9065988799850895260,Definition,CALLS,4314986834880175756,ImportedSymbol
8784462313559349017,Definition,CALLS,4092365500874378659,ImportedSymbol
6532570479740606375,Definition,CALLS,4092365500874378659,ImportedSymbol
5870345008822695711,Definition,CALLS,4092365500874378659,ImportedSymbol
1796779127474932566,Definition,CALLS,4092365500874378659,ImportedSymbol
7588691507531355333,Definition,CALLS,4092365500874378659,ImportedSymbol
5134329000890034036,Definition,CALLS,5752056415890366447,ImportedSymbol
7984010746485397623,Definition,CALLS,5752056415890366447,ImportedSymbol
1155643099179643194,Definition,CALLS,5752056415890366447,ImportedSymbol
8155455061164093560,Definition,CALLS,5752056415890366447,ImportedSymbol
1019089734922737308,File,CALLS,4366699392924165412,Definition
1019089734922737308,File,CALLS,1786631309914082706,Definition
1019089734922737308,File,CALLS,2454551220365021568,Definition
1019089734922737308,File,CALLS,686772421409423676,Definition
1019089734922737308,File,CALLS,740980856069008026,Definition
2767106417167452506,File,CALLS,4426167067005806000,Definition
967565579975276091,File,CALLS,4864128303764004800,Definition
6220386417187616354,File,CALLS,3552715490817611153,Definition
1019089734922737308,File,CALLS,6964329976765588514,ImportedSymbol
1019089734922737308,File,CALLS,3145962868657560243,ImportedSymbol
1019089734922737308,File,CALLS,3051174422042509212,ImportedSymbol
1019089734922737308,File,CALLS,23739843420901422,ImportedSymbol
3098854353406721933,File,CALLS,266019571386462641,ImportedSymbol
2295894010172714336,File,CALLS,3906726274972931822,ImportedSymbol
2295894010172714336,File,CALLS,2453846093433599683,ImportedSymbol
2767106417167452506,File,CALLS,4545393544769641563,ImportedSymbol
2767106417167452506,File,CALLS,6103701649105851017,ImportedSymbol
967565579975276091,File,CALLS,5602361972878079694,ImportedSymbol
967565579975276091,File,CALLS,6828829225901272038,ImportedSymbol
6220386417187616354,File,CALLS,8844849706286187819,ImportedSymbol
2835942179371534084,File,CALLS,6489641532647127740,ImportedSymbol
2835942179371534084,File,CALLS,1660013931143470960,ImportedSymbol
2835942179371534084,File,CALLS,4550626429671409030,ImportedSymbol
660817084392909288,File,CALLS,5838706643942882355,ImportedSymbol
1475930875172129939,File,CALLS,4071817442390247025,ImportedSymbol
1475930875172129939,File,CALLS,7139906561654836538,ImportedSymbol
